{
    "materials": [{
        "colorEmissive": [0,0,0],
        "wireframe": false,
        "transparent": false,
        "colorAmbient": [0.8,0.8,0.8],
        "shading": "lambert",
        "doubleSided": true,
        "colorDiffuse": [0.8,0.8,0.8],
        "DbgIndex": 0,
        "depthWrite": true,
        "visible": true,
        "depthTest": true,
        "DbgName": "Material.002",
        "opacity": 1,
        "blending": "NormalBlending",
        "DbgColor": 15658734
    }],
    "uvs": [[0.914016,0.692979,0.905201,0.753723,0.844037,0.744134,0.863493,0.690222,0.951609,0.671562,0.986431,0.759785,0.883324,0.642905,0.542656,0.91626,0.47511,0.921617,0.513177,0.831541,0.567613,0.872463,0.291389,0.653329,0.314173,0.714758,0.218861,0.717941,0.221832,0.649943,0.470214,0.969693,0.426689,0.951789,0.298754,0.58159,0.224417,0.582354,0.947318,0.614914,0.898435,0.60351,0.347243,0.682343,0.345338,0.725434,0.338635,0.601625,0.904733,0.818777,0.851173,0.865807,0.800462,0.839363,0.853863,0.783431,0.951156,0.864116,0.882091,0.958198,0.795501,0.917647,0.153431,0.64728,0.151602,0.715995,0.054408,0.713025,0.062513,0.681394,0.732278,0.030227,0.747615,0.073892,0.623517,0.06141,0.644037,0.032535,0.144511,0.561414,0.062644,0.590143,0.58642,0.078101,0.600187,0.03641,0.84043,0.980167,0.790406,0.964278,0.026902,0.72227,0.028755,0.642318,0.029125,0.602664,0.051186,0.396105,0.028512,0.268617,0.091052,0.30176,0.096312,0.36612,0.805287,0.759162,0.723091,0.726127,0.794011,0.61132,0.814152,0.67523,0.369331,0.875898,0.362954,0.806558,0.382553,0.736208,0.4483,0.785716,0.173396,0.262014,0.214703,0.299836,0.224265,0.376631,0.151793,0.386713,0.108032,0.41997,0.254561,0.264621,0.272313,0.365751,0.095658,0.445912,0.162944,0.427704,0.23787,0.435316,0.281362,0.415375,0.05841,0.446407,0.043044,0.22262,0.029831,0.130423,0.098776,0.126049,0.09052,0.221105,0.771895,0.842229,0.710275,0.871239,0.69951,0.771094,0.760417,0.803066,0.157673,0.138591,0.245394,0.145033,0.245445,0.209001,0.158288,0.219881,0.725376,0.159001,0.725737,0.247811,0.656177,0.222662,0.647253,0.158303,0.598032,0.210683,0.554345,0.150653,0.028512,0.088778,0.109225,0.097881,0.15889,0.055429,0.240113,0.052155,0.282314,0.818561,0.273193,0.866891,0.247173,0.849723,0.235522,0.814467,0.618322,0.812248,0.559837,0.767891,0.608199,0.704236,0.674455,0.776099,0.856143,0.353608,0.799493,0.372511,0.749968,0.333031,0.805615,0.291777,0.819972,0.257469,0.725466,0.279619,0.883308,0.297063,0.268127,0.887804,0.217998,0.907833,0.658189,0.631477,0.699315,0.659041,0.215284,0.786225,0.307877,0.773173,0.315003,0.862493,0.192585,0.823614,0.301808,0.963729,0.220297,0.952492,0.342652,0.793145,0.343124,0.850748,0.91721,0.275207,0.87654,0.247435,0.346532,0.951429,0.178367,0.771007,0.153627,0.828302,0.079946,0.833012,0.08498,0.78477,0.843855,0.012652,0.874109,0.057041,0.800495,0.081816,0.799314,0.019734,0.740733,0.442513,0.692002,0.458419,0.672538,0.40922,0.710283,0.374636,0.645406,0.34729,0.615272,0.402723,0.647113,0.461671,0.14061,0.861179,0.150041,0.907189,0.11869,0.891833,0.108146,0.848211,0.929853,0.024964,0.959101,0.067498,0.128795,0.941029,0.075568,0.924434,0.027941,0.823689,0.032499,0.78339,0.629301,0.492441,0.59003,0.456817,0.676869,0.499667,0.027092,0.903392,0.495195,0.720097,0.391421,0.665522,0.455324,0.58996,0.544124,0.655441,0.337567,0.265813,0.3891,0.308841,0.373712,0.37977,0.355248,0.387981,0.900563,0.423735,0.894683,0.443146,0.838269,0.419178,0.872406,0.388493,0.923648,0.49946,0.96774,0.435291,0.935408,0.374997,0.563148,0.559883,0.596523,0.582878,0.416957,0.285981,0.50085,0.292639,0.498083,0.381715,0.437612,0.374339,0.307312,0.450746,0.29265,0.421096,0.375927,0.414664,0.40595,0.428818,0.368504,0.256769,0.967184,0.377838,0.957596,0.339304,0.52783,0.436491,0.329718,0.149784,0.411891,0.125379,0.413961,0.210171,0.334907,0.211592,0.889014,0.178686,0.864043,0.209572,0.800881,0.224721,0.804916,0.165804,0.828436,0.501846,0.775398,0.522479,0.744339,0.522501,0.794383,0.461648,0.778148,0.573827,0.905907,0.536638,0.722371,0.542694,0.736427,0.563513,0.72382,0.618897,0.710682,0.568206,0.535038,0.107808,0.48031,0.248705,0.988856,0.182102,0.949721,0.215174,0.326542,0.060328,0.392184,0.030473,0.487617,0.046032,0.833154,0.578198,0.377373,0.910127,0.706789,0.915796,0.299796,0.223884]],