{
    "materials": [{
        "colorEmissive": [0,0,0],
        "wireframe": false,
        "transparent": false,
        "colorAmbient": [0.8,0.8,0.8],
        "shading": "lambert",
        "doubleSided": true,
        "colorDiffuse": [0.8,0.8,0.8],
        "DbgIndex": 0,
        "depthWrite": true,
        "visible": true,
        "depthTest": true,
        "DbgName": "Material.001",
        "opacity": 1,
        "blending": "NormalBlending",
        "DbgColor": 15658734
    }],
    "uvs": [[0.591769,0.319636,0.589691,0.252116,0.658039,0.287617,0.664718,0.340062,0.715094,0.314135,0.702177,0.259154,0.649061,0.221898,0.652154,0.430997,0.723209,0.423582,0.727401,0.487205,0.633162,0.482234,0.140945,0.350638,0.145118,0.254349,0.234359,0.252642,0.235758,0.34183,0.540159,0.403215,0.610382,0.397547,0.593726,0.446562,0.524507,0.467947,0.077037,0.3268,0.050206,0.259718,0.167449,0.394574,0.236629,0.397099,0.575729,0.507423,0.656374,0.157478,0.674742,0.108684,0.735195,0.118267,0.724306,0.170973,0.601246,0.146607,0.622492,0.072946,0.054441,0.469004,0.056413,0.558691,0.000224,0.558753,0.000842,0.499458,0.642855,0.575317,0.729396,0.575427,0.726919,0.647237,0.635807,0.639936,0.234974,0.471318,0.235297,0.559594,0.147839,0.559377,0.14683,0.471411,0.569695,0.573824,0.575149,0.628499,0.51379,0.647237,0.512509,0.571953,0.23409,0.397547,0.143708,0.403459,0.083202,0.412166,0.781388,0.33079,0.790628,0.274152,0.845981,0.283467,0.837971,0.335536,0.919878,0.285921,0.900841,0.352861,0.000224,0.167832,0.002195,0.113207,0.056866,0.081101,0.055151,0.167177,0.143855,0.165421,0.142084,0.076921,0.231362,0.074786,0.23286,0.163744,0.12987,0.900592,0.221755,0.92012,0.213264,0.973953,0.120898,0.962332,0.073611,0.915078,0.065318,0.947086,0.000224,0.935077,0.034314,0.873175,0.14125,0.01245,0.230134,0.000224,0.087722,0.025935,0.096946,0.854963,0.784413,0.131099,0.835422,0.110497,0.866211,0.156538,0.802541,0.192439,0.894701,0.212569,0.846453,0.234625,0.914557,0.133372,0.919518,0.076518,0.972674,0.107002,0.973834,0.174021,0.168997,0.72663,0.244516,0.7392,0.238316,0.792826,0.132577,0.783137,0.234278,0.649014,0.232592,0.725885,0.158659,0.714518,0.135353,0.659731,0.231924,0.849725,0.164174,0.848079,0.815203,0.419111,0.907209,0.421059,0.904761,0.484289,0.815835,0.48573,0.324886,0.340162,0.323268,0.251176,0.41226,0.249703,0.413782,0.338706,0.772643,0.735441,0.771819,0.80198,0.681564,0.808621,0.697674,0.743808,0.62478,0.726631,0.629855,0.783874,0.502154,0.342998,0.500949,0.248636,0.561971,0.247568,0.563631,0.315561,0.966866,0.426498,0.996924,0.481088,0.325758,0.397099,0.414782,0.394117,0.591472,0.815593,0.569008,0.752387,0.643236,0.842773,0.472776,0.389536,0.81679,0.574584,0.904831,0.572916,0.911453,0.638556,0.819309,0.646675,0.411086,0.471731,0.409142,0.559918,0.322516,0.559694,0.322957,0.47129,0.781408,0.893702,0.760205,0.933461,0.724721,0.933442,0.695477,0.888948,0.663964,0.924951,0.683586,0.976874,0.785536,0.978513,0.814783,0.930182,0.999776,0.571361,0.973241,0.628999,0.504316,0.471839,0.512061,0.568625,0.414706,0.403446,0.324272,0.397547,0.610245,0.97651,0.606842,0.90692,0.647965,0.866707,0.475613,0.412602,0.321758,0.162299,0.32037,0.073424,0.405864,0.074304,0.410933,0.161018,0.303891,0.928919,0.365363,0.930772,0.363209,0.984209,0.30585,0.982706,0.498036,0.981053,0.493125,0.921196,0.558038,0.913958,0.56856,0.986266,0.900019,0.804341,0.837454,0.802306,0.832041,0.742637,0.898071,0.72663,0.423357,0.928301,0.428467,0.996971,0.467389,0.103885,0.498504,0.163974,0.319142,0.007432,0.372897,0.019759,0.418419,0.830637,0.410986,0.766365,0.459575,0.72663,0.472641,0.785188,0.335526,0.752531,0.32305,0.809581,0.420947,0.659784,0.39698,0.715774,0.32291,0.726182,0.32265,0.648012,0.532171,0.746075,0.541944,0.806298,0.484276,0.847706,0.362603,0.877589,0.312536,0.862201,0.003455,0.233375,0.55132,0.194896,0.051619,0.629707,0.002875,0.608037,0.887106,0.918825,0.863252,0.980758,0.832179,0.873697,0.489997,0.635532,0.973834,0.252198]],
    "vertices": [-2.24561,1.09644,5.71875,-3.16561,1.11516,4.76387,-3.05708,0.289164,3.73319,-3.24217,0.8181,4.04217,-2.26551,0.186351,4.83312,-2.59346,0.765596,5.14088,-2.54675,0.168006,4.05431,-2.93874,0.434752,4.41577,-1.25537,0.30556,5.63059,-1.55535,0.806866,5.85055,-0.4657,0.260376,5.69458,-0.472277,0.882813,6.07141,-1.54281,0.182762,5.1318,-1.93394,0.41603,5.51942,-1.45744,0.087534,4.03124,-0.454791,0.164314,5.06951,-0.436982,0.196449,4.04905,-2.30631,1.90343,5.74892,-2.15907,2.50455,5.64849,-3.17433,1.90343,4.81819,-3.06486,2.46086,4.67022,-3.31801,1.90343,3.99877,-3.05662,2.46558,4.00333,-2.80947,1.90343,5.33495,-2.4913,2.61475,5.02588,-2.4779,2.73643,4.01343,-1.4931,1.90343,6.07449,-1.48763,2.59049,5.76076,-0.474792,1.90343,6.21551,-0.468215,2.62989,5.83869,-1.47525,2.91157,5.0517,-1.45744,3.01107,4.03124,-0.454791,2.97938,5.06951,-0.436982,3.08435,4.04905,-3.0799,0.242277,2.98215,-3.25367,0.882814,2.97912,-3.03186,0.282209,2.35829,-3.04914,0.882814,2.35039,-2.46009,0.116715,2.99297,-2.40275,0.188189,2.00669,-2.39913,0.928283,1.79928,-2.02504,0.251686,1.39359,-2.02504,0.61839,1.39359,-1.43963,0.155275,3.01078,-1.42182,0.112819,1.99032,-1.8675,1.2988,1.51487,-0.419172,0.223058,3.02859,-0.401363,0.24414,2.00813,-1.40901,0.232049,1.25597,-1.47638,0.928283,1.20719,-0.386482,0.313594,1.15549,-0.381893,0.882814,0.892543,-3.12644,1.84971,3.05898,-3.00475,2.43575,3.45313,-3.00793,1.47369,2.42478,-2.45529,2.21019,2.7179,-2.4642,2.55327,3.22813,-2.44666,1.69988,2.22349,-1.91799,2.40197,2.50615,-1.52612,2.69022,2.91566,-1.55104,1.98789,1.92727,-1.23457,2.50622,2.33967,-0.419172,2.90821,3.02859,-0.395993,2.23382,1.70044,-0.404898,2.58708,2.21067,-1.18376,1.57381,1.33001,-0.387869,1.72351,1.23495,0.554435,0.238621,5.73098,0.547845,0.882813,6.10859,1.57525,0.252869,5.72875,1.5692,0.882813,6.07483,0.565669,0.128441,5.08732,0.583478,0.175849,4.06686,1.58613,0.134328,5.10513,1.60394,0.136517,4.08467,2.2375,0.308943,5.68865,2.58306,0.892863,5.81911,3.14464,1.23977,5.67906,2.59419,0.19916,5.18133,2.92014,0.559358,5.56636,2.6244,0.055078,4.10248,3.3076,0.223251,4.8926,3.36792,0.892864,5.19484,3.31856,0.178613,4.11459,3.57837,0.882814,4.11913,0.545666,1.90343,6.23343,0.552257,2.61929,5.85582,1.56776,1.90343,6.15789,1.5738,2.56928,5.81181,0.565669,2.97674,5.08732,0.583478,3.12304,4.06686,1.58613,2.90167,5.10513,1.60394,3.07315,4.08467,2.59178,1.89486,5.83984,2.25202,2.49041,5.7232,3.14464,1.54894,5.67906,2.93795,2.22935,5.4128,2.60488,2.60285,5.0892,3.13699,2.40767,3.60988,2.7243,2.67131,4.00745,3.2813,1.89486,5.10101,3.16322,2.45071,4.73622,3.36786,2.00185,4.01868,3.17099,2.45071,4.29099,0.601288,0.202142,3.0464,0.619097,0.207318,2.02594,1.62175,0.086865,3.06421,1.5997,0.180166,2.06821,1.79743,0.882814,1.83818,0.632247,0.291206,1.27246,0.635668,0.882814,1.07645,1.24419,0.2762,1.43562,1.29451,0.882814,1.41061,2.62583,0.168501,3.13206,2.88341,0.882814,2.87661,2.28737,0.230387,2.43723,2.38207,0.882814,2.35877,3.20373,0.263237,3.51595,3.3038,0.882814,3.39433,0.601288,2.97082,3.0464,0.624529,2.19215,1.7147,0.615624,2.61897,2.22493,2.11457,2.3927,2.57781,1.70979,2.75636,2.9729,1.67699,1.95547,2.05523,1.43748,2.54873,2.38157,0.631423,1.68185,1.31969,1.24064,1.51825,1.4616,2.72681,2.05998,2.99457,2.46251,2.6045,3.26439,2.31597,1.71229,2.41637,3.29703,1.72726,3.4106],
    "name": "Rock02.002Geometry",
    "metadata": {
        "uvs": 1,
        "generator": "io_three",
        "faces": 130,
        "materials": 1,
        "vertices": 132,
        "version": 3,
        "type": "Geometry",
        "normals": 132
    },